"","x"
"1","https://github.com/julycoding/The-Art-Of-Programming-By-July"
"2","https://github.com/jp9000/obs-studio"
"3","https://github.com/vurtun/nuklear"
"4","https://github.com/BabylonJS/Babylon.js"
"5","https://github.com/elastic/elasticsearch"
"6","https://github.com/JetBrains/kotlin"
"7","https://github.com/spring-projects/spring-boot"
"8","https://github.com/incanter/incanter"
"9","https://github.com/jakubroztocil/httpie"
"10","https://github.com/pallets/flask"
"11","https://github.com/django/django"
"12","https://github.com/ansible/ansible"
"13","https://github.com/scrapy/scrapy"
"14","https://github.com/scikit-learn/scikit-learn"
"15","https://github.com/certbot/certbot"
"16","https://github.com/tornadoweb/tornado"
"17","https://github.com/getsentry/sentry"
"18","https://github.com/python/cpython"
"19","https://github.com/ipython/ipython"
"20","https://github.com/socketio/socket.io"
"21","https://github.com/expressjs/express"
"22","https://github.com/Jack000/Expose"
"23","https://github.com/munin-monitoring/munin"
"24","https://github.com/fletcher/MultiMarkdown"
"25","https://github.com/gka/chroma.js"
"26","https://github.com/jdg/MBProgressHUD"
"27","https://github.com/facebook/Haxl"
"28","https://github.com/ninenines/cowboy"
"29","https://github.com/apache/couchdb"
"30","https://github.com/laravel/laravel"
"31","https://github.com/bcit-ci/CodeIgniter"
"32","https://github.com/fzaninotto/Faker"
"33","https://github.com/WordPress/WordPress"
"34","https://github.com/dingo/api"
"35","https://github.com/briannesbitt/Carbon"
"36","https://github.com/barryvdh/laravel-debugbar"
